Keyword,Growth (Max Reach),Max. Reach,Volume,No. of results,Difficulty
dk live,-,2990,38,181,24
nfl radio,-,717,28,207,32
nfl retro,-,240,26,181,33
football betting,"1,416%",8651,44,197,91
fox nfl,-,1165,33,179,77
champions league live,-,74,24,210,38
boxing bet,-,244,24,219,88
draft kings sportsbook,-,136,24,198,84
apps with nfl redzone access,-,484,24,176,73
bovoda,-,345,24,76,59
watch nfl games,317%,553,24,199,57
telemundo deportes,484%,22647,50,204,47
free live nfl games,-,70,23,193,73
boxing betting,-,125,23,181,88
nhl fantasy,-,216,22,167,57
hulu sports,-,252,22,219,82
westwood one sports,764%,1837,35,208,27
tyc sports play,-71%,565,21,223,53
caliente deportes,-,75,21,208,29
peacock plus,183%,321,21,191,63
nfl redzone,662%,20108,52,182,81
fanduel picks,776%,4138,42,206,74
live sports streaming,-,174,21,209,70
betslip,-,178,21,202,56
draft kings fantasy,-,370,21,183,66
verizon nfl,-,129,21,171,47
nfl red zone,682%,2416,36,184,81
nfl stats,629%,759,29,184,52
elite picks,-,151,20,162,30
espn eliminator,88%,497,20,201,59
nfl channel,-,335,20,180,71
watch nfl,-,292,19,193,62
nfl free,-,265,19,180,52
sidel,-,230,19,204,2
companion 25,-,36,19,51,28
dazo,-,67,19,213,27
zona deportiva,-,198,19,220,17
tipico,133%,234,19,76,18
nfl pass,-,255,19,174,71
monday night football,-,170,19,215,60
hotstreak fantasy sports,-,284,19,181,63
apostar,-,41,18,155,56
bookitsports,-,98,5,218,52
tv azteca deportes en vivo,-,139,18,209,38
dofu sportive hub,-,179,18,210,54
boxing live,-,92,18,197,30
philadelphia flyers,-,59,18,138,17
thursday night football,-,64,18,209,23
cbs tv,-,127,18,219,74
parlay calculator,-,126,18,225,18
